{
	"class_name" : "PinholeCameraParameters",
	"extrinsic" : 
	[
		-0.9806166909231504,
		-0.0069334306655287311,
		-0.19581326058808426,
		0.0,
		0.017905923036915398,
		-0.99836296503169397,
		-0.0543209717634053,
		0.0,
		-0.19511607674183781,
		-0.056774268752058085,
		0.97913553658548336,
		0.0,
		0.1249176136926673,
		0.25435662365743983,
		6.1194882720170316,
		1.0
	],
	"intrinsic" : 
	{
		"height" : 622,
		"intrinsic_matrix" : 
		[
			538.667801153921,
			0.0,
			0.0,
			0.0,
			538.667801153921,
			0.0,
			863.5,
			310.5,
			1.0
		],
		"width" : 1728
	},
	"version_major" : 1,
	"version_minor" : 0
}