{
	"class_name" : "PinholeCameraParameters",
	"extrinsic" : 
	[
		-0.17457618262549313,
		-0.045716519491202902,
		0.98413421580270033,
		0.0,
		0.034177902992983331,
		-0.9986009617437267,
		-0.026088176109308185,
		0.0,
		0.98405031751781513,
		0.02657290067182504,
		0.17549715767981544,
		0.0,
		-9.9704564546827665,
		0.14533000738859908,
		1.1172274438023984,
		1.0
	],
	"intrinsic" : 
	{
		"height" : 622,
		"intrinsic_matrix" : 
		[
			538.667801153921,
			0.0,
			0.0,
			0.0,
			538.667801153921,
			0.0,
			863.5,
			310.5,
			1.0
		],
		"width" : 1728
	},
	"version_major" : 1,
	"version_minor" : 0
}